HataNo,Tarih,Kullanici,HataMesaji
1,2025-01-03 10:17:47,,Kullanıcı Bulunamadı
2,2025-01-03 10:17:58,,Kullanıcı Bulunamadı
3,2025-01-03 10:19:30,,Kullanıcı Bulunamadı
4,2025-01-03 10:30:55,admin,Yeni kullanıcı eklendi: ayse
5,2025-01-03 10:32:13,emir,Hatalı Şifre
6,2025-01-03 10:32:30,emir,Hatalı Şifre
7,2025-01-03 10:32:38,emir,Hatalı Şifre
8,2025-01-03 10:32:46,emir,Hesap Kilitlendi
9,2025-01-03 10:34:25,admin, bulunamadı
10,2025-01-03 10:40:03,admin,Hatalı Şifre
11,2025-01-03 10:40:13,admin,Hatalı Şifre
12,2025-01-03 10:42:23,admin,Hatalı Şifre
13,2025-01-03 10:42:37,admin,Hatalı Şifre
14,2025-01-03 10:42:58,emir,Hatalı Şifre
15,2025-01-03 10:43:07,emir,Hatalı Şifre
16,2025-01-03 10:43:16,emir,Hatalı Şifre
